,Unnamed: 0,Salary Estimate,Annual Salary,Experience,Education,Company Name,Location,Rating,Is Remote,Company Size,Company Old,Founded,Type of Ownership,Career Opportunities,Comp & Benefits,Culture & Values,Senior Management,Work Life Balance,Time of Scrape,Time Unit,Type of Ownership Scale,Sector Scale,Company Size Scale,Revenue Scale,Industry Sector,Sector_-1,Sector_Education,Sector_Financial Services,Sector_Information Technology,Sector_Management & Consulting,Sector_Real Estate,Industry_-1,Industry_Banking & Lending,Industry_Colleges & Universities,Industry_Computer Hardware Development,Industry_Information Technology Support Services,Industry_Real Estate,Industry_Security & Protective,Job Title_API Engineer,Job Title_Entry Level Software Test Engineer,Job Title_Frontend Engineer (100% Remote),Job Title_Frontend Software Engineer,Job Title_Frontend engineer,Job Title_Innovation Software Test Engineer,Job Title_Jr Software Engineer,Job Title_Junior Software Developer (Remote),Job Title_Junior Software Engineer,Job Title_Senior Software Engineer,Job Title_Software Engineer,Job Title_Software Engineer 1,Job Title_Software Engineer I,Job Title_Software Support Engineer I,Revenue_$1 to $5 billion (USD),Revenue_-1,Revenue_Less than $1 million (USD),Revenue_Unknown / Non-Applicable
0,0,"$167,000 /yr (est.)",167000.0,4,1,Zillow,Remote,3.9,1,5001 to 10000 Employees,18,2005,Company - Public,3.6,4.0,4.1,3.4,4.2,2023-05-17 14:41:30.334586,yr,2.0,19.0,6.0,7.0,34.0,0,0,0,0,0,1,0,0,0,0,0,1,0,0,0,0,1,0,0,0,0,0,0,0,0,0,0,1,0,0,0
1,1,"$50,000 /yr (est.)",50000.0,1,2,Arvist,Remote,-1.0,1,-1,-1,-1,-1,-1.0,-1.0,-1.0,-1.0,-1.0,2023-05-17 14:41:32.227606,yr,,,,,,1,0,0,0,0,0,1,0,0,0,0,0,0,0,0,0,0,1,0,0,0,0,0,0,0,0,0,0,1,0,0
2,2,$37.50 /hr (est.),78000.0,5,2,"Lynx Technology Partners, LLC",Remote,2.9,1,Unknown,14,2009,Company - Private,2.9,3.3,2.9,2.9,3.3,2023-05-17 14:41:37.127818,hr,1.0,6.0,,,,0,0,0,0,1,0,0,0,0,0,0,0,1,0,0,0,0,0,0,0,0,0,0,1,0,0,0,0,0,0,1
3,4,"$77,412 /yr (est.)",77412.0,3,1,FTL Finance,"Saint Charles, MO",5.0,0,1 to 50 Employees,21,2002,Company - Private,4.7,4.7,5.0,5.0,5.0,2023-05-17 14:41:41.557439,yr,1.0,3.0,1.0,,14.0,0,0,1,0,0,0,0,1,0,0,0,0,0,0,0,0,0,0,0,0,0,1,0,0,0,0,0,0,0,0,1
4,5,"$62,000 /yr (est.)",62000.0,-1,1,"Radiological Imaging Technology, Inc.","Colorado Springs, CO",-1.0,0,-1,-1,-1,-1,-1.0,-1.0,-1.0,-1.0,-1.0,2023-05-17 14:41:43.605733,yr,,,,,,1,0,0,0,0,0,1,0,0,0,0,0,0,0,1,0,0,0,0,0,0,0,0,0,0,0,0,0,1,0,0
5,6,"$141,000 /yr (est.)",141000.0,-1,1,Zillow,Remote,3.9,1,5001 to 10000 Employees,18,2005,Company - Public,3.6,4.0,4.1,3.4,4.2,2023-05-17 14:41:48.265445,yr,2.0,19.0,6.0,7.0,34.0,0,0,0,0,0,1,0,0,0,0,0,1,0,1,0,0,0,0,0,0,0,0,0,0,0,0,0,1,0,0,0
6,7,"$118,000 /yr (est.)",118000.0,-1,1,Legion Consulting Solutions,"Annapolis Junction, MD",-1.0,0,-1,-1,-1,-1,-1.0,-1.0,-1.0,-1.0,-1.0,2023-05-17 14:41:50.190144,yr,,,,,,1,0,0,0,0,0,1,0,0,0,0,0,0,0,0,0,0,0,0,1,0,0,0,0,0,0,0,0,1,0,0
7,8,"$198,000 /yr (est.)",198000.0,-1,1,Zillow,Remote,3.9,1,5001 to 10000 Employees,18,2005,Company - Public,3.6,4.0,4.1,3.4,4.2,2023-05-17 14:41:54.905608,yr,2.0,19.0,6.0,7.0,34.0,0,0,0,0,0,1,0,0,0,0,0,1,0,0,0,0,0,0,0,0,0,0,1,0,0,0,0,1,0,0,0
8,9,"$68,078 /yr (est.)",68078.0,-1,-1,SnapRISK,Remote,-1.0,1,-1,-1,-1,-1,-1.0,-1.0,-1.0,-1.0,-1.0,2023-05-17 14:41:56.472564,yr,,,,,,1,0,0,0,0,0,1,0,0,0,0,0,0,0,0,0,0,0,0,0,1,0,0,0,0,0,0,0,1,0,0
9,10,"$80,000 /yr (est.)",80000.0,-1,1,Service Core,"Denver, CO",4.5,0,-1,-1,-1,-1,4.3,3.9,4.4,4.6,4.3,2023-05-17 14:42:01.014335,yr,,,,,,1,0,0,0,0,0,1,0,0,0,0,0,0,0,0,0,0,0,0,0,0,0,0,0,1,0,0,0,1,0,0
10,11,$55.00 /hr (est.),114400.0,8,1,Clandicainc,Manhattan,2.6,0,-1,-1,-1,-1,2.6,2.6,2.6,3.1,2.6,2023-05-17 14:42:03.621345,hr,,,,,,1,0,0,0,0,0,1,0,0,0,0,0,0,0,0,1,0,0,0,0,0,0,0,0,0,0,0,0,1,0,0
11,12,"$68,530 /yr (est.)",68530.0,2,1,Black Knight,"Mequon, WI",3.6,0,5001 to 10000 Employees,10,2013,Company - Public,3.5,3.3,3.6,3.4,3.7,2023-05-17 14:42:06.270565,yr,2.0,1.0,6.0,1.0,3.0,0,0,0,1,0,0,0,0,0,0,1,0,0,0,0,0,0,0,0,0,0,0,0,0,0,1,0,0,0,1,0
12,13,$55.00 /hr (est.),114400.0,5,1,PVD,Remote,-1.0,1,-1,-1,-1,-1,-1.0,-1.0,-1.0,-1.0,-1.0,2023-05-17 14:42:07.855151,hr,,,,,,1,0,0,0,0,0,1,0,0,0,0,0,0,0,0,0,0,0,1,0,0,0,0,0,0,0,0,0,1,0,0
13,14,"$87,322 /yr (est.)",87322.0,4,1,University of Maryland,"College Park, MD",4.2,0,10000+ Employees,167,1856,College / University,3.9,3.6,4.1,3.8,4.0,2023-05-17 14:42:12.510604,yr,,11.0,7.0,7.0,39.0,0,1,0,0,0,0,0,0,1,0,0,0,0,0,0,0,0,0,0,0,0,0,0,1,0,0,0,1,0,0,0
14,15,"$110,608 /yr (est.)",110608.0,10,1,HP,"Spring, TX",4.2,0,10000+ Employees,84,1939,Company - Public,3.8,3.7,4.3,3.8,4.2,2023-05-17 14:42:14.202002,yr,2.0,1.0,7.0,,12.0,0,0,0,1,0,0,0,0,0,1,0,0,0,0,0,0,0,0,0,0,0,0,0,1,0,0,0,0,0,0,1
15,16,"$62,500 /yr (est.)",62500.0,2,1,Actabl,Remote,4.0,1,-1,-1,-1,-1,5.0,4.0,4.0,3.0,4.0,2023-05-17 14:42:16.499832,yr,,,,,,1,0,0,0,0,0,1,0,0,0,0,0,0,0,0,0,0,0,0,0,0,0,0,0,0,0,1,0,1,0,0
